scheme_name,scheme_slug,department,level,state_name,min_age,max_age,gender,max_income,is_student_only,target_occupations,allowed_categories,description,eligibility_text,benefits,application_url
"PM Kisan Samman Nidhi","pm-kisan-samman-nidhi","Ministry of Agriculture & Farmers Welfare","Central","All India",18,75,"All",300000,false,"Farmer","All","Financial support of Rs 6000 per year to small and marginal farmer families across India.","Landholding small & marginal farmers aged 18 to 75 with annual household income up to 3 Lakhs.","Rs 6000 per year paid in 3 equal installments of Rs 2000 directly to bank accounts.","https://pmkisan.gov.in"
"PM Awas Yojana (Urban)","pm-awas-yojana-urban","Ministry of Housing and Urban Affairs","Central","All India",21,70,"All",600000,false,"All","All","Housing scheme to provide pucca houses to eligible urban households with interest subsidies.","Urban citizens aged 21-70 with annual family income up to 6 Lakhs.","Interest subsidy up to 6.5% on housing loans up to Rs 2.67 Lakhs.","https://pmaymis.gov.in"
"PM MUDRA Yojana","pm-mudra-yojana","Ministry of Finance","Central","All India",18,65,"All",1000000,false,"Artisan;Unemployed;Self Employed;All","All","Collateral-free micro loans up to Rs 10 Lakhs for non-corporate micro enterprises.","Non-corporate non-farm small micro enterprises owned by Indian citizens aged 18-65.","Loans under Shishu (up to 50k) Kishor (up to 5L) and Tarun (up to 10L).","https://www.mudra.org.in"
"Post-Matric Scholarship for SC Students","post-matric-scholarship-sc","Ministry of Social Justice and Empowerment","Central","All India",15,30,"All",250000,true,"Student;All","SC","Financial assistance to Scheduled Caste students studying at post-matriculation or post-secondary stage.","SC category students enrolled in post-matric courses with family income below 2.5 Lakhs.","Full tuition fee coverage plus monthly maintenance allowance up to Rs 1350/month.","https://scholarships.gov.in"
"Sukanya Samriddhi Yojana","sukanya-samriddhi-yojana","Ministry of Women and Child Development","Central","All India",0,10,"Female",500000,false,"All","All","Small savings scheme targeted at parents of girl children to build corpus for education and marriage.","Girl children below 10 years of age resident in India.","High interest rate of 8.2% p.a. with tax exemption under Section 80C.","https://www.indiapost.gov.in"
"Ladli Behna Yojana (Madhya Pradesh)","ladli-behna-yojana-mp","Department of Women and Child Development MP","State","Madhya Pradesh",21,60,"Female",250000,false,"Unemployed;Homemaker;All","All","Monthly financial assistance to women in Madhya Pradesh to foster economic independence.","Married/widowed women in MP aged 21-60 with annual family income up to 2.5 Lakhs.","Rs 1250 directly transferred to beneficiary bank account every month.","https://cmladlibehna.mp.gov.in"
"Kanyashree Prakalpa (West Bengal)","kanyashree-prakalpa-wb","Department of Women Development & Social Welfare WB","State","West Bengal",13,19,"Female",120000,true,"Student;All","All","Conditional cash transfer scheme to improve status of adolescent girls and encourage education.","Unmarried girls aged 13-19 studying in recognized institutions with income up to 1.2 Lakhs.","Annual grant of Rs 1000 plus one-time grant of Rs 25,000 on reaching 18 years.","https://wbkanyashree.gov.in"
"Rythu Bandhu Scheme (Telangana)","rythu-bandhu-telangana","Agriculture Department Telangana","State","Telangana",18,80,"All",500000,false,"Farmer","All","Investment support scheme for agriculture and horticulture crops per season.","Farmer landowners in Telangana owning agricultural land.","Rs 10000 per acre per year for two crop seasons.","https://rythubandhu.telangana.gov.in"
"Majhi Kanya Bhagyashree (Maharashtra)","majhi-kanya-bhagyashree-mh","Women and Child Development Department MH","State","Maharashtra",0,18,"Female",750000,false,"All","All","Financial support for the health and education of girl child in Maharashtra.","Girl child born in Maharashtra family with annual income up to 7.5 Lakhs.","Rs 50000 deposited in bank account in the name of girl child.","https://womenchild.maharashtra.gov.in"
"Kalaignar Magalir Urimai Thittam (Tamil Nadu)","kalaignar-magalir-urimai-tn","Department of Social Welfare TN","State","Tamil Nadu",21,65,"Female",250000,false,"Homemaker;Unemployed;All","All","Rights grant for women heads of households in Tamil Nadu.","Women household heads aged 21-65 in Tamil Nadu with family income below 2.5 Lakhs.","Rs 1000 per month direct benefit transfer.","https://tn.gov.in"
"Yuva Nidhi Scheme (Karnataka)","yuva-nidhi-karnataka","Department of Employment Karnataka","State","Karnataka",21,30,"All",300000,false,"Unemployed","All","Unemployment stipend for fresh graduates and diploma holders residing in Karnataka.","Unemployed graduates/diploma holders passed out in recent academic year residing in Karnataka.","Rs 3000/month for degree graduates and Rs 1500/month for diploma holders up to 2 years.","https://sevasindhuservices.karnataka.gov.in"
"Subhadra Yojana (Odisha)","subhadra-yojana-odisha","Department of Women and Child Development Odisha","State","Odisha",21,60,"Female",250000,false,"All","All","Financial empowerment scheme providing vouchers to women in Odisha.","Women citizens of Odisha aged 21 to 60 years.","Rs 5000 per installment twice a year totaling Rs 50,000 over 5 years.","https://subhadra.odisha.gov.in"
"PM Vishwakarma Yojana","pm-vishwakarma-yojana","Ministry of Micro Small & Medium Enterprises","Central","All India",18,65,"All",300000,false,"Artisan;Self Employed","All","Comprehensive support scheme for traditional artisans and craftspeople across India.","Artisans working with hands & tools in 18 traditional trades aged 18+.","Collateral-free enterprise credit up to Rs 3 Lakhs at 5% interest rate + Rs 15,000 tool kit incentive.","https://pmvishwakarma.gov.in"
"National Social Assistance Programme (NSAP) Old Age Pension","nsap-old-age-pension","Ministry of Rural Development","Central","All India",60,100,"All",100000,false,"All","All","Monthly pension support for senior citizens belonging to below poverty line households.","BPL senior citizens aged 60 years and above.","Rs 1000 to Rs 1500 monthly pension assistance depending on age tier.","https://nsap.nic.in"
"Chief Minister Self Employment Scheme (UP)","cm-self-employment-up","Department of Micro Small & Medium Enterprises UP","State","Uttar Pradesh",18,45,"All",400000,false,"Unemployed;Artisan;Self Employed","All","Margin money subsidy scheme for educated unemployed youth in Uttar Pradesh to set up business.","Youth aged 18-45 residing in UP with minimum 8th class pass qualification.","Up to 25% project cost subsidy (max Rs 6.25 Lakhs) for setting up micro enterprise.","https://msme.up.gov.in"
"Post-Matric Scholarship for ST Students","post-matric-scholarship-st","Ministry of Tribal Affairs","Central","All India",15,30,"All",250000,true,"Student;All","ST","Financial assistance for ST students pursuing post-secondary education.","ST category students with family annual income up to 2.5 Lakhs enrolled in recognized colleges.","Full reimbursement of tuition fees and book bank allowance.","https://tribal.gov.in"
"Stand Up India Scheme","stand-up-india","Ministry of Finance","Central","All India",18,65,"All",1500000,false,"Artisan;Self Employed;All","SC;ST;Female","Bank loans between 10 Lakhs and 1 Crore to SC ST and Women borrowers for greenfield enterprise.","SC/ST and Women entrepreneurs setting up greenfield manufacturing/trading ventures.","Loans from 10 Lakhs to 1 Crore with minimal margin money requirement.","https://www.standupmitra.in"
"Pradhan Mantri Matru Vandana Yojana","pm-matru-vandana-yojana","Ministry of Women and Child Development","Central","All India",19,45,"Female",800000,false,"All","All","Maternity benefit program offering cash incentive for pregnant women and lactating mothers.","Pregnant women and lactating mothers aged 19-45 for first live birth.","Cash incentive of Rs 5000 in three installments for health & nutrition support.","https://wcd.nic.in"
"Amrit Bharat Station Scheme","amrit-bharat-station","Ministry of Railways","Central","All India",18,100,"All",2000000,false,"All","All","Scheme for modernization and master planning of railway stations across the country.","All citizens and commuters using Indian Railways infrastructure.","Upgraded passenger amenities, accessible stations, and modern waiting halls.","https://indianrailways.gov.in"
"Mukhyamantri Yuva Swavalamban Yojana (Gujarat)","mysy-gujarat","Education Department Gujarat","State","Gujarat",17,25,"All",600000,true,"Student;All","All","Financial assistance for higher education of bright students in Gujarat.","Students securing 80+ percentile in 10th/12th standard with family income up to 6 Lakhs.","50% tuition fee subsidy up to Rs 2 Lakhs per year + hostel allowance.","https://mysy.guj.nic.in"
